id_nodo; timestamp; temperatura; humedad; CO2; volatiles
pepino;1707405123459;25;56.90000153;123;234
pepino;1707405123481;25;56.90000153;123;234
pepino;1707405123497;25;56.90000153;123;234
pepino;1707405123514;25;56.90000153;123;234
pepino;1707405123532;25;56.90000153;123;234
pepino;1707405123559;25;56.90000153;123;234
pepino;1707405123585;25;56.90000153;123;234
pepino;1707405123601;25;56.90000153;123;234
pepino;1707405123618;25;56.90000153;123;234
pepino;1707405123637;25;56.90000153;123;234
pepino;1707405123656;25;56.90000153;123;234
pepino;1707405123672;25;56.90000153;123;234
pepino;1707405123692;25;56.90000153;123;234
pepino;1707405123709;25;56.90000153;123;234
pepino;1707405123724;25;56.90000153;123;234
pepino;1707405123739;25;56.90000153;123;234
pepino;1707405123758;25;56.90000153;123;234
pepino;1707405123778;25;56.90000153;123;234
pepino;1707405123796;25;56.90000153;123;234
pepino;1707405123810;25;56.90000153;123;234
pepino;1707405123827;25;56.90000153;123;234
pepino;1707405123845;25;56.90000153;123;234
pepino;1707405123859;25;56.90000153;123;234
pepino;1707405123874;25;56.90000153;123;234
pepino;1707405123889;25;56.90000153;123;234
pepino;1707405123907;25;56.90000153;123;234
pepino;1707405123926;25;56.90000153;123;234
pepino;1707405123942;25;56.90000153;123;234
pepino;1707405123961;25;56.90000153;123;234
pepino;1707405123975;25;56.90000153;123;234
pepino;1707405123991;25;56.90000153;123;234
pepino;1707405124005;25;56.90000153;123;234
pepino;1707405124018;25;56.90000153;123;234
pepino;1707405124031;25;56.90000153;123;234
pepino;1707405124044;25;56.90000153;123;234
pepino;1707405124060;25;56.90000153;123;234
pepino;1707405124077;25;56.90000153;123;234
pepino;1707405124090;25;56.90000153;123;234
pepino;1707405124104;25;56.90000153;123;234
pepino;1707405124117;25;56.90000153;123;234
pepino;1707405124135;25;56.90000153;123;234
pepino;1707405124150;25;56.90000153;123;234
pepino;1707405124165;25;56.90000153;123;234
pepino;1707405124178;25;56.90000153;123;234
pepino;1707405124191;25;56.90000153;123;234
pepino;1707405124203;25;56.90000153;123;234
pepino;1707405124217;25;56.90000153;123;234
pepino;1707405124231;25;56.90000153;123;234
pepino;1707405124247;25;56.90000153;123;234
pepino;1707405124262;25;56.90000153;123;234
pepino;1707405124276;25;56.90000153;123;234
pepino;1707405124289;25;56.90000153;123;234
pepino;1707405124302;25;56.90000153;123;234
pepino;1707405124316;25;56.90000153;123;234
pepino;1707405124332;25;56.90000153;123;234
pepino;1707405124344;25;56.90000153;123;234
pepino;1707405124356;25;56.90000153;123;234
pepino;1707405124370;25;56.90000153;123;234
pepino;1707405124383;25;56.90000153;123;234
pepino;1707405124396;25;56.90000153;123;234
pepino;1707405124415;25;56.90000153;123;234
pepino;1707405124427;25;56.90000153;123;234
pepino;1707405124440;25;56.90000153;123;234
pepino;1707405124455;25;56.90000153;123;234
pepino;1707405124472;25;56.90000153;123;234
pepino;1707405124485;25;56.90000153;123;234
pepino;1707405124499;25;56.90000153;123;234
pepino;1707405124516;25;56.90000153;123;234
pepino;1707405124529;25;56.90000153;123;234
pepino;1707405124542;25;56.90000153;123;234
pepino;1707405124555;25;56.90000153;123;234
pepino;1707405124570;25;56.90000153;123;234
pepino;1707405124586;25;56.90000153;123;234
pepino;1707405124598;25;56.90000153;123;234
pepino;1707405124611;25;56.90000153;123;234
pepino;1707405124625;25;56.90000153;123;234
pepino;1707405124639;25;56.90000153;123;234
pepino;1707405124652;25;56.90000153;123;234
pepino;1707405124664;25;56.90000153;123;234
pepino;1707405124677;25;56.90000153;123;234
pepino;1707405124694;25;56.90000153;123;234
pepino;1707405124714;25;56.90000153;123;234
pepino;1707405124726;25;56.90000153;123;234
pepino;1707405124741;25;56.90000153;123;234
pepino;1707405124754;25;56.90000153;123;234
pepino;1707405124767;25;56.90000153;123;234
pepino;1707405124822;25;56.90000153;123;234
pepino;1707405124839;25;56.90000153;123;234
pepino;1707405124853;25;56.90000153;123;234
pepino;1707405124868;25;56.90000153;123;234
pepino;1707405124886;25;56.90000153;123;234
pepino;1707405124899;25;56.90000153;123;234
pepino;1707405124912;25;56.90000153;123;234
pepino;1707405124927;25;56.90000153;123;234
pepino;1707405124941;25;56.90000153;123;234
pepino;1707405124953;25;56.90000153;123;234
pepino;1707405124967;25;56.90000153;123;234
pepino;1707405124983;25;56.90000153;123;234
pepino;1707405124995;25;56.90000153;123;234
pepino;1707405125007;25;56.90000153;123;234
pepino;1707405125020;25;56.90000153;123;234
pepino;1707405125034;25;56.90000153;123;234
pepino;1707405125048;25;56.90000153;123;234
pepino;1707405125062;25;56.90000153;123;234
pepino;1707405125074;25;56.90000153;123;234
pepino;1707405125089;25;56.90000153;123;234
pepino;1707405125100;25;56.90000153;123;234
pepino;1707405125112;25;56.90000153;123;234
pepino;1707405125124;25;56.90000153;123;234
pepino;1707405125142;25;56.90000153;123;234
pepino;1707405125155;25;56.90000153;123;234
pepino;1707405125170;25;56.90000153;123;234
pepino;1707405125185;25;56.90000153;123;234
pepino;1707405125200;25;56.90000153;123;234
pepino;1707405125216;25;56.90000153;123;234
pepino;1707405125227;25;56.90000153;123;234
pepino;1707405125240;25;56.90000153;123;234
pepino;1707405125255;25;56.90000153;123;234
pepino;1707405125268;25;56.90000153;123;234
pepino;1707405125299;25;56.90000153;123;234
pepino;1707405125314;25;56.90000153;123;234
pepino;1707405125325;25;56.90000153;123;234
pepino;1707405125339;25;56.90000153;123;234
pepino;1707405125356;25;56.90000153;123;234
pepino;1707405125376;25;56.90000153;123;234
pepino;1707405125392;25;56.90000153;123;234
pepino;1707405125406;25;56.90000153;123;234
pepino;1707405125419;25;56.90000153;123;234
pepino;1707405125430;25;56.90000153;123;234
pepino;1707405125443;25;56.90000153;123;234
pepino;1707405125459;25;56.90000153;123;234
pepino;1707405125471;25;56.90000153;123;234
pepino;1707405125484;25;56.90000153;123;234
pepino;1707405125501;25;56.90000153;123;234
pepino;1707405125515;25;56.90000153;123;234
pepino;1707405125528;25;56.90000153;123;234
pepino;1707405125543;25;56.90000153;123;234
pepino;1707405125556;25;56.90000153;123;234
pepino;1707405125567;25;56.90000153;123;234
pepino;1707405125582;25;56.90000153;123;234
pepino;1707405125596;25;56.90000153;123;234
pepino;1707405125608;25;56.90000153;123;234
pepino;1707405125620;25;56.90000153;123;234
pepino;1707405125632;25;56.90000153;123;234
pepino;1707405125646;25;56.90000153;123;234
pepino;1707405125658;25;56.90000153;123;234
pepino;1707405125671;25;56.90000153;123;234
pepino;1707405125682;25;56.90000153;123;234
pepino;1707405125701;25;56.90000153;123;234
pepino;1707405125713;25;56.90000153;123;234
pepino;1707405125727;25;56.90000153;123;234
pepino;1707405125739;25;56.90000153;123;234
pepino;1707405125750;25;56.90000153;123;234
pepino;1707405125766;25;56.90000153;123;234
pepino;1707405125779;25;56.90000153;123;234
pepino;1707405125797;25;56.90000153;123;234
pepino;1707405125810;25;56.90000153;123;234
pepino;1707405125823;25;56.90000153;123;234
pepino;1707405125837;25;56.90000153;123;234
pepino;1707405125853;25;56.90000153;123;234
pepino;1707405125870;25;56.90000153;123;234
pepino;1707405125881;25;56.90000153;123;234
pepino;1707405125892;25;56.90000153;123;234
pepino;1707405125907;25;56.90000153;123;234
pepino;1707405125920;25;56.90000153;123;234
pepino;1707405125933;25;56.90000153;123;234
pepino;1707405125945;25;56.90000153;123;234
pepino;1707405125957;25;56.90000153;123;234
pepino;1707405125970;25;56.90000153;123;234
pepino;1707405125983;25;56.90000153;123;234
pepino;1707405125995;25;56.90000153;123;234
pepino;1707405126007;25;56.90000153;123;234
pepino;1707405240004;25;56.90000153;123;234
pepino;1707405240028;25;56.90000153;123;234
pepino;1707405240072;25;56.90000153;123;234
pepino;1707405240110;25;56.90000153;123;234
pepino;1707405240133;25;56.90000153;123;234
pepino;1707405240162;25;56.90000153;123;234
pepino;1707405240190;25;56.90000153;123;234
pepino;1707405240211;25;56.90000153;123;234
pepino;1707405240235;25;56.90000153;123;234
pepino;1707405240263;25;56.90000153;123;234
pepino;1707405240292;25;56.90000153;123;234
pepino;1707405240312;25;56.90000153;123;234
pepino;1707405240331;25;56.90000153;123;234
pepino;1707405240350;25;56.90000153;123;234
pepino;1707405240382;25;56.90000153;123;234
pepino;1707405240403;25;56.90000153;123;234
pepino;1707405240426;25;56.90000153;123;234
pepino;1707405240443;25;56.90000153;123;234
pepino;1707405240474;25;56.90000153;123;234
pepino;1707405240495;25;56.90000153;123;234
pepino;1707405240522;25;56.90000153;123;234
pepino;1707405240541;25;56.90000153;123;234
pepino;1707405240563;25;56.90000153;123;234
pepino;1707405240577;25;56.90000153;123;234
pepino;1707405240595;25;56.90000153;123;234
pepino;1707405240609;25;56.90000153;123;234
pepino;1707405240622;25;56.90000153;123;234
pepino;1707405240642;25;56.90000153;123;234
pepino;1707405240666;25;56.90000153;123;234
pepino;1707405240690;25;56.90000153;123;234
pepino;1707405240705;25;56.90000153;123;234
pepino;1707405240719;25;56.90000153;123;234
pepino;1707405240733;25;56.90000153;123;234
pepino;1707405240752;25;56.90000153;123;234
pepino;1707405240789;25;56.90000153;123;234
pepino;1707405240806;25;56.90000153;123;234
pepino;1707405240831;25;56.90000153;123;234
pepino;1707405240852;25;56.90000153;123;234
pepino;1707405240871;25;56.90000153;123;234
pepino;1707405240892;25;56.90000153;123;234
pepino;1707405240907;25;56.90000153;123;234
pepino;1707405240925;25;56.90000153;123;234
pepino;1707405240943;25;56.90000153;123;234
pepino;1707405240967;25;56.90000153;123;234
pepino;1707405240996;25;56.90000153;123;234
pepino;1707405241020;25;56.90000153;123;234
pepino;1707405241035;25;56.90000153;123;234
pepino;1707405241048;25;56.90000153;123;234
pepino;1707405241068;25;56.90000153;123;234
pepino;1707405241084;25;56.90000153;123;234
pepino;1707405241101;25;56.90000153;123;234
pepino;1707405241116;25;56.90000153;123;234
pepino;1707405241130;25;56.90000153;123;234
pepino;1707405241145;25;56.90000153;123;234
pepino;1707405241167;25;56.90000153;123;234
pepino;1707405241187;25;56.90000153;123;234
pepino;1707405241207;25;56.90000153;123;234
pepino;1707405241222;25;56.90000153;123;234
pepino;1707405241237;25;56.90000153;123;234
pepino;1707405241262;25;56.90000153;123;234
pepino;1707405241276;25;56.90000153;123;234
pepino;1707405241324;25;56.90000153;123;234
pepino;1707405241339;25;56.90000153;123;234
pepino;1707405241353;25;56.90000153;123;234
pepino;1707405241373;25;56.90000153;123;234
pepino;1707405241387;25;56.90000153;123;234
pepino;1707405241404;25;56.90000153;123;234
pepino;1707405241422;25;56.90000153;123;234
pepino;1707405241439;25;56.90000153;123;234
pepino;1707405241455;25;56.90000153;123;234
pepino;1707405241472;25;56.90000153;123;234
pepino;1707405241489;25;56.90000153;123;234
pepino;1707405241510;25;56.90000153;123;234
pepino;1707405241524;25;56.90000153;123;234
pepino;1707405241543;25;56.90000153;123;234
pepino;1707405241555;25;56.90000153;123;234
pepino;1707405241591;25;56.90000153;123;234
pepino;1707405241608;25;56.90000153;123;234
pepino;1707405241624;25;56.90000153;123;234
pepino;1707405241645;25;56.90000153;123;234
pepino;1707405241663;25;56.90000153;123;234
pepino;1707405241680;25;56.90000153;123;234
pepino;1707405241698;25;56.90000153;123;234
pepino;1707405241719;25;56.90000153;123;234
pepino;1707405241733;25;56.90000153;123;234
pepino;1707405241750;25;56.90000153;123;234
pepino;1707405241765;25;56.90000153;123;234
pepino;1707405241781;25;56.90000153;123;234
pepino;1707405241804;25;56.90000153;123;234
pepino;1707405241822;25;56.90000153;123;234
pepino;1707405241837;25;56.90000153;123;234
pepino;1707405241851;25;56.90000153;123;234
pepino;1707405241871;25;56.90000153;123;234
pepino;1707405241888;25;56.90000153;123;234
pepino;1707405241902;25;56.90000153;123;234
pepino;1707405241920;25;56.90000153;123;234
pepino;1707405241937;25;56.90000153;123;234
pepino;1707405241951;25;56.90000153;123;234
pepino;1707405241972;25;56.90000153;123;234
pepino;1707405241991;25;56.90000153;123;234
pepino;1707405242005;25;56.90000153;123;234
pepino;1707405242024;25;56.90000153;123;234
pepino;1707405242047;25;56.90000153;123;234
pepino;1707405242065;25;56.90000153;123;234
pepino;1707405242080;25;56.90000153;123;234
pepino;1707405242095;25;56.90000153;123;234
pepino;1707405242114;25;56.90000153;123;234
pepino;1707405242142;25;56.90000153;123;234
pepino;1707405242157;25;56.90000153;123;234
pepino;1707405242171;25;56.90000153;123;234
pepino;1707405242184;25;56.90000153;123;234
pepino;1707405242204;25;56.90000153;123;234
pepino;1707405242225;25;56.90000153;123;234
pepino;1707405242243;25;56.90000153;123;234
pepino;1707405242259;25;56.90000153;123;234
pepino;1707405242276;25;56.90000153;123;234
pepino;1707405242288;25;56.90000153;123;234
pepino;1707405242306;25;56.90000153;123;234
pepino;1707405242318;25;56.90000153;123;234
pepino;1707405242350;25;56.90000153;123;234
pepino;1707405242376;25;56.90000153;123;234
pepino;1707405242398;25;56.90000153;123;234
pepino;1707405242433;25;56.90000153;123;234
pepino;1707405242449;25;56.90000153;123;234
pepino;1707405242480;25;56.90000153;123;234
pepino;1707405242505;25;56.90000153;123;234
pepino;1707405242519;25;56.90000153;123;234
pepino;1707405242534;25;56.90000153;123;234
pepino;1707405242551;25;56.90000153;123;234
pepino;1707405242569;25;56.90000153;123;234
pepino;1707405242585;25;56.90000153;123;234
pepino;1707405242610;25;56.90000153;123;234
pepino;1707405242632;25;56.90000153;123;234
pepino;1707405242646;25;56.90000153;123;234
pepino;1707405242660;25;56.90000153;123;234
pepino;1707405242681;25;56.90000153;123;234
pepino;1707405242694;25;56.90000153;123;234
pepino;1707405242708;25;56.90000153;123;234
pepino;1707405242763;25;56.90000153;123;234
pepino;1707405242781;25;56.90000153;123;234
pepino;1707405242795;25;56.90000153;123;234
pepino;1707405242809;25;56.90000153;123;234
pepino;1707405242823;25;56.90000153;123;234
pepino;1707405242839;25;56.90000153;123;234
pepino;1707405242873;25;56.90000153;123;234
pepino;1707405242889;25;56.90000153;123;234
pepino;1707405242902;25;56.90000153;123;234
pepino;1707405242932;25;56.90000153;123;234
pepino;1707405242948;25;56.90000153;123;234
pepino;1707405242966;25;56.90000153;123;234
pepino;1707405242981;25;56.90000153;123;234
pepino;1707405243000;25;56.90000153;123;234
pepino;1707405243015;25;56.90000153;123;234
pepino;1707405243028;25;56.90000153;123;234
pepino;1707405243044;25;56.90000153;123;234
pepino;1707405243058;25;56.90000153;123;234
pepino;1707405243072;25;56.90000153;123;234
pepino;1707405243087;25;56.90000153;123;234
pepino;1707405243104;25;56.90000153;123;234
pepino;1707405243118;25;56.90000153;123;234
pepino;1707405243131;25;56.90000153;123;234
pepino;1707405243149;25;56.90000153;123;234
pepino;1707405243162;25;56.90000153;123;234
pepino;1707405243176;25;56.90000153;123;234
pepino;1707405243196;25;56.90000153;123;234
pepino;1707405243220;25;56.90000153;123;234
pepino;1707405243233;25;56.90000153;123;234
pepino;1707405243249;25;56.90000153;123;234
pepino;1707405243262;25;56.90000153;123;234
pepino;1707405243279;25;56.90000153;123;234
pepino;1707405243291;25;56.90000153;123;234
pepino;1707405243304;25;56.90000153;123;234
pepino;1707405243326;25;56.90000153;123;234
pepino;1707405243344;25;56.90000153;123;234
pepino;1707405243362;25;56.90000153;123;234
pepino;1707405243381;25;56.90000153;123;234
pepino;1707405243394;25;56.90000153;123;234
pepino;1707405243408;25;56.90000153;123;234
pepino;1707405243424;25;56.90000153;123;234
pepino;1707405243453;25;56.90000153;123;234
pepino;1707405243473;25;56.90000153;123;234
pepino;1707405243486;25;56.90000153;123;234
pepino;1707405243502;25;56.90000153;123;234
pepino;1707405243516;25;56.90000153;123;234
pepino;1707405243535;25;56.90000153;123;234
pepino;1707405243547;25;56.90000153;123;234
pepino;1707405243561;25;56.90000153;123;234
pepino;1707405243574;25;56.90000153;123;234
pepino;1707405243586;25;56.90000153;123;234
pepino;1707405243601;25;56.90000153;123;234
pepino;1707405243619;25;56.90000153;123;234
pepino;1707405243636;25;56.90000153;123;234
pepino;1707405243649;25;56.90000153;123;234
pepino;1707405243665;25;56.90000153;123;234
pepino;1707405243690;25;56.90000153;123;234
pepino;1707405243764;25;56.90000153;123;234
pepino;1707405243777;25;56.90000153;123;234
pepino;1707405243791;25;56.90000153;123;234
pepino;1707405243804;25;56.90000153;123;234
pepino;1707405243819;25;56.90000153;123;234
pepino;1707405243834;25;56.90000153;123;234
pepino;1707405243848;25;56.90000153;123;234
pepino;1707405243870;25;56.90000153;123;234
pepino;1707405243883;25;56.90000153;123;234
pepino;1707405243897;25;56.90000153;123;234
pepino;1707405243912;25;56.90000153;123;234
pepino;1707405243926;25;56.90000153;123;234
pepino;1707405243938;25;56.90000153;123;234
pepino;1707405243965;25;56.90000153;123;234
pepino;1707405243980;25;56.90000153;123;234
pepino;1707405243994;25;56.90000153;123;234
pepino;1707405244017;25;56.90000153;123;234
pepino;1707405244032;25;56.90000153;123;234
pepino;1707405244052;25;56.90000153;123;234
pepino;1707405244070;25;56.90000153;123;234
pepino;1707405244084;25;56.90000153;123;234
pepino;1707405244101;25;56.90000153;123;234
pepino;1707405244118;25;56.90000153;123;234
pepino;1707405244134;25;56.90000153;123;234
pepino;1707405244149;25;56.90000153;123;234
pepino;1707405244167;25;56.90000153;123;234
pepino;1707405244182;25;56.90000153;123;234
pepino;1707405244195;25;56.90000153;123;234
pepino;1707405244214;25;56.90000153;123;234
pepino;1707405244232;25;56.90000153;123;234
pepino;1707405244249;25;56.90000153;123;234
pepino;1707405244265;25;56.90000153;123;234
pepino;1707405244278;25;56.90000153;123;234
pepino;1707405244290;25;56.90000153;123;234
pepino;1707405244303;25;56.90000153;123;234
pepino;1707405244315;25;56.90000153;123;234
pepino;1707405244329;25;56.90000153;123;234
pepino;1707405244346;25;56.90000153;123;234
pepino;1707405244363;25;56.90000153;123;234
pepino;1707405244377;25;56.90000153;123;234
pepino;1707405244390;25;56.90000153;123;234
pepino;1707405244405;25;56.90000153;123;234
pepino;1707405244425;25;56.90000153;123;234
pepino;1707405244438;25;56.90000153;123;234
pepino;1707405244466;25;56.90000153;123;234
pepino;1707405244480;25;56.90000153;123;234
pepino;1707405244503;25;56.90000153;123;234
pepino;1707405244516;25;56.90000153;123;234
pepino;1707405244529;25;56.90000153;123;234
pepino;1707405244545;25;56.90000153;123;234
pepino;1707405244565;25;56.90000153;123;234
pepino;1707405244583;25;56.90000153;123;234
pepino;1707405244597;25;56.90000153;123;234
pepino;1707405244610;25;56.90000153;123;234
pepino;1707405244622;25;56.90000153;123;234
pepino;1707405244636;25;56.90000153;123;234
pepino;1707405244649;25;56.90000153;123;234
pepino;1707405244667;25;56.90000153;123;234
pepino;1707405244683;25;56.90000153;123;234
pepino;1707405244696;25;56.90000153;123;234
pepino;1707405244710;25;56.90000153;123;234
pepino;1707405244722;25;56.90000153;123;234
pepino;1707405244735;25;56.90000153;123;234
pepino;1707405244751;25;56.90000153;123;234
pepino;1707405244765;25;56.90000153;123;234
pepino;1707405244778;25;56.90000153;123;234
pepino;1707405244791;25;56.90000153;123;234
pepino;1707405244806;25;56.90000153;123;234
pepino;1707405244821;25;56.90000153;123;234
pepino;1707405244834;25;56.90000153;123;234
pepino;1707405244855;25;56.90000153;123;234
pepino;1707405244867;25;56.90000153;123;234
pepino;1707405244884;25;56.90000153;123;234
pepino;1707405244899;25;56.90000153;123;234
pepino;1707405244912;25;56.90000153;123;234
pepino;1707405244925;25;56.90000153;123;234
pepino;1707405244942;25;56.90000153;123;234
pepino;1707405244956;25;56.90000153;123;234
pepino;1707405244970;25;56.90000153;123;234
pepino;1707405244988;25;56.90000153;123;234
pepino;1707405245001;25;56.90000153;123;234
pepino;1707405245018;25;56.90000153;123;234
pepino;1707405245032;25;56.90000153;123;234
pepino;1707405245045;25;56.90000153;123;234
pepino;1707405245065;25;56.90000153;123;234
pepino;1707405245080;25;56.90000153;123;234
pepino;1707405245095;25;56.90000153;123;234
pepino;1707405245107;25;56.90000153;123;234
pepino;1707405245120;25;56.90000153;123;234
pepino;1707405245134;25;56.90000153;123;234
pepino;1707405245147;25;56.90000153;123;234
pepino;1707405245161;25;56.90000153;123;234
pepino;1707405245174;25;56.90000153;123;234
pepino;1707405245187;25;56.90000153;123;234
pepino;1707405245202;25;56.90000153;123;234
pepino;1707405245227;25;56.90000153;123;234
pepino;1707405245244;25;56.90000153;123;234
pepino;1707405245256;25;56.90000153;123;234
pepino;1707405245272;25;56.90000153;123;234
pepino;1707405245288;25;56.90000153;123;234
pepino;1707405245303;25;56.90000153;123;234
pepino;1707405245315;25;56.90000153;123;234
pepino;1707405245326;25;56.90000153;123;234
pepino;1707405245338;25;56.90000153;123;234
pepino;1707405245352;25;56.90000153;123;234
pepino;1707405245368;25;56.90000153;123;234
pepino;1707405245383;25;56.90000153;123;234
pepino;1707405245401;25;56.90000153;123;234
pepino;1707405245413;25;56.90000153;123;234
pepino;1707405245425;25;56.90000153;123;234
pepino;1707405245439;25;56.90000153;123;234
pepino;1707405245460;25;56.90000153;123;234
pepino;1707405245474;25;56.90000153;123;234
pepino;1707405245491;25;56.90000153;123;234
pepino;1707405245511;25;56.90000153;123;234
pepino;1707405245527;25;56.90000153;123;234
pepino;1707405245547;25;56.90000153;123;234
pepino;1707405245559;25;56.90000153;123;234
pepino;1707405245572;25;56.90000153;123;234
pepino;1707405245585;25;56.90000153;123;234
pepino;1707405245602;25;56.90000153;123;234
pepino;1707405245617;25;56.90000153;123;234
pepino;1707405245632;25;56.90000153;123;234
pepino;1707405245646;25;56.90000153;123;234
pepino;1707405245659;25;56.90000153;123;234
pepino;1707405245674;25;56.90000153;123;234
pepino;1707405245695;25;56.90000153;123;234
pepino;1707405245712;25;56.90000153;123;234
pepino;1707405245727;25;56.90000153;123;234
pepino;1707405245743;25;56.90000153;123;234
pepino;1707405245759;25;56.90000153;123;234
pepino;1707405245773;25;56.90000153;123;234
pepino;1707405245786;25;56.90000153;123;234
pepino;1707405245846;25;56.90000153;123;234
pepino;1707405245860;25;56.90000153;123;234
pepino;1707405245875;25;56.90000153;123;234
pepino;1707405245893;25;56.90000153;123;234
pepino;1707405245913;25;56.90000153;123;234
pepino;1707405245929;25;56.90000153;123;234
pepino;1707405245943;25;56.90000153;123;234
pepino;1707405245956;25;56.90000153;123;234
pepino;1707405245969;25;56.90000153;123;234
pepino;1707405245985;25;56.90000153;123;234
pepino;1707405246001;25;56.90000153;123;234
pepino;1707405246018;25;56.90000153;123;234
pepino;1707405246044;25;56.90000153;123;234
pepino;1707405246058;25;56.90000153;123;234
pepino;1707405246072;25;56.90000153;123;234
pepino;1707405246084;25;56.90000153;123;234
pepino;1707405246100;25;56.90000153;123;234
pepino;1707405246129;25;56.90000153;123;234
pepino;1707405246155;25;56.90000153;123;234
pepino;1707405246170;25;56.90000153;123;234
pepino;1707405246182;25;56.90000153;123;234
pepino;1707405246200;25;56.90000153;123;234
pepino;1707405246217;25;56.90000153;123;234
pepino;1707405246238;25;56.90000153;123;234
pepino;1707405246252;25;56.90000153;123;234
pepino;1707405246267;25;56.90000153;123;234
pepino;1707405246280;25;56.90000153;123;234
pepino;1707405246292;25;56.90000153;123;234
pepino;1707405246305;25;56.90000153;123;234
pepino;1707405246318;25;56.90000153;123;234
pepino;1707405246345;25;56.90000153;123;234
pepino;1707405246372;25;56.90000153;123;234
pepino;1707405246404;25;56.90000153;123;234
pepino;1707405246457;25;56.90000153;123;234
pepino;1707405246483;25;56.90000153;123;234
pepino;1707405246496;25;56.90000153;123;234
pepino;1707405246508;25;56.90000153;123;234
pepino;1707405246522;25;56.90000153;123;234
pepino;1707405246534;25;56.90000153;123;234
pepino;1707405246547;25;56.90000153;123;234
pepino;1707405246562;25;56.90000153;123;234
pepino;1707405246581;25;56.90000153;123;234
pepino;1707405246596;25;56.90000153;123;234
pepino;1707405246611;25;56.90000153;123;234
pepino;1707405246623;25;56.90000153;123;234
pepino;1707405246637;25;56.90000153;123;234
pepino;1707405246650;25;56.90000153;123;234
pepino;1707405246663;25;56.90000153;123;234
pepino;1707405246679;25;56.90000153;123;234
pepino;1707405246694;25;56.90000153;123;234
pepino;1707405246712;25;56.90000153;123;234
pepino;1707405246728;25;56.90000153;123;234
pepino;1707405246741;25;56.90000153;123;234
pepino;1707405246753;25;56.90000153;123;234
pepino;1707405246767;25;56.90000153;123;234
pepino;1707405246782;25;56.90000153;123;234
pepino;1707405246794;25;56.90000153;123;234
pepino;1707405246805;25;56.90000153;123;234
pepino;1707405246818;25;56.90000153;123;234
pepino;1707405246843;25;56.90000153;123;234
pepino;1707405246855;25;56.90000153;123;234
pepino;1707405246867;25;56.90000153;123;234
pepino;1707405246883;25;56.90000153;123;234
pepino;1707405246924;25;56.90000153;123;234
pepino;1707405246951;25;56.90000153;123;234
pepino;1707405246982;25;56.90000153;123;234
pepino;1707405246996;25;56.90000153;123;234
pepino;1707405247009;25;56.90000153;123;234
pepino;1707405247043;25;56.90000153;123;234
pepino;1707405247061;25;56.90000153;123;234
pepino;1707405247075;25;56.90000153;123;234
pepino;1707405247094;25;56.90000153;123;234
pepino;1707405247107;25;56.90000153;123;234
pepino;1707405247125;25;56.90000153;123;234
pepino;1707405247169;25;56.90000153;123;234
pepino;1707405247183;25;56.90000153;123;234
pepino;1707405247196;25;56.90000153;123;234
pepino;1707405247218;25;56.90000153;123;234
pepino;1707405247234;25;56.90000153;123;234
pepino;1707405247248;25;56.90000153;123;234
pepino;1707405247260;25;56.90000153;123;234
pepino;1707405247272;25;56.90000153;123;234
pepino;1707405247285;25;56.90000153;123;234
pepino;1707405247298;25;56.90000153;123;234
pepino;1707405247315;25;56.90000153;123;234
pepino;1707405247327;25;56.90000153;123;234
pepino;1707405247343;25;56.90000153;123;234
pepino;1707405247356;25;56.90000153;123;234
pepino;1707405247370;25;56.90000153;123;234
pepino;1707405247383;25;56.90000153;123;234
pepino;1707405247395;25;56.90000153;123;234
pepino;1707405247406;25;56.90000153;123;234
pepino;1707405247419;25;56.90000153;123;234
pepino;1707405247431;25;56.90000153;123;234
pepino;1707405247446;25;56.90000153;123;234
pepino;1707405247461;25;56.90000153;123;234
pepino;1707405247478;25;56.90000153;123;234
pepino;1707405249597;25;56.90000153;123;234
pepino;1707405249616;25;56.90000153;123;234
pepino;1707405249630;25;56.90000153;123;234
pepino;1707405249647;25;56.90000153;123;234
pepino;1707405249671;25;56.90000153;123;234
pepino;1707405249696;25;56.90000153;123;234
pepino;1707405249710;25;56.90000153;123;234
pepino;1707405249723;25;56.90000153;123;234
pepino;1707405249735;25;56.90000153;123;234
pepino;1707405249799;25;56.90000153;123;234
pepino;1707405249824;25;56.90000153;123;234
pepino;1707405249849;25;56.90000153;123;234
pepino;1707405249860;25;56.90000153;123;234
pepino;1707405249874;25;56.90000153;123;234
pepino;1707405249888;25;56.90000153;123;234
pepino;1707405249907;25;56.90000153;123;234
pepino;1707405249922;25;56.90000153;123;234
pepino;1707405249938;25;56.90000153;123;234
pepino;1707405249958;25;56.90000153;123;234
pepino;1707405249970;25;56.90000153;123;234
pepino;1707405249988;25;56.90000153;123;234
pepino;1707405250001;25;56.90000153;123;234
pepino;1707405250014;25;56.90000153;123;234
pepino;1707405250026;25;56.90000153;123;234
pepino;1707405250042;25;56.90000153;123;234
pepino;1707405250060;25;56.90000153;123;234
pepino;1707405250076;25;56.90000153;123;234
pepino;1707405250092;25;56.90000153;123;234
pepino;1707405250109;25;56.90000153;123;234
pepino;1707405250122;25;56.90000153;123;234
pepino;1707405250146;25;56.90000153;123;234
pepino;1707405250168;25;56.90000153;123;234
pepino;1707405250182;25;56.90000153;123;234
pepino;1707405250195;25;56.90000153;123;234
pepino;1707405250209;25;56.90000153;123;234
pepino;1707405250223;25;56.90000153;123;234
pepino;1707405250240;25;56.90000153;123;234
pepino;1707405250253;25;56.90000153;123;234
pepino;1707405250267;25;56.90000153;123;234
pepino;1707405250280;25;56.90000153;123;234
pepino;1707405250292;25;56.90000153;123;234
pepino;1707405250305;25;56.90000153;123;234
pepino;1707405250319;25;56.90000153;123;234
pepino;1707405250331;25;56.90000153;123;234
pepino;1707405250343;25;56.90000153;123;234
pepino;1707405250355;25;56.90000153;123;234
pepino;1707405250367;25;56.90000153;123;234
pepino;1707405250385;25;56.90000153;123;234
pepino;1707405250402;25;56.90000153;123;234
pepino;1707405250416;25;56.90000153;123;234
pepino;1707405250430;25;56.90000153;123;234
pepino;1707405250443;25;56.90000153;123;234
pepino;1707405250455;25;56.90000153;123;234
pepino;1707405250467;25;56.90000153;123;234
pepino;1707405250479;25;56.90000153;123;234
pepino;1707405250492;25;56.90000153;123;234
pepino;1707405250506;25;56.90000153;123;234
pepino;1707405250521;25;56.90000153;123;234
pepino;1707405250534;25;56.90000153;123;234
pepino;1707405250551;25;56.90000153;123;234
pepino;1707405250564;25;56.90000153;123;234
pepino;1707405250577;25;56.90000153;123;234
pepino;1707405250595;25;56.90000153;123;234
pepino;1707405250610;25;56.90000153;123;234
pepino;1707405250626;25;56.90000153;123;234
pepino;1707405250639;25;56.90000153;123;234
pepino;1707405250651;25;56.90000153;123;234
pepino;1707405250664;25;56.90000153;123;234
pepino;1707405250677;25;56.90000153;123;234
pepino;1707405250690;25;56.90000153;123;234
pepino;1707405250703;25;56.90000153;123;234
pepino;1707405250715;25;56.90000153;123;234
pepino;1707405250732;25;56.90000153;123;234
pepino;1707405250745;25;56.90000153;123;234
pepino;1707405250760;25;56.90000153;123;234
pepino;1707405250779;25;56.90000153;123;234
pepino;1707405250802;25;56.90000153;123;234
pepino;1707405250818;25;56.90000153;123;234
pepino;1707405250834;25;56.90000153;123;234
pepino;1707405250853;25;56.90000153;123;234
pepino;1707405250870;25;56.90000153;123;234
pepino;1707405250882;25;56.90000153;123;234
pepino;1707405250896;25;56.90000153;123;234
pepino;1707405250908;25;56.90000153;123;234
pepino;1707405250922;25;56.90000153;123;234
pepino;1707405250940;25;56.90000153;123;234
pepino;1707405250955;25;56.90000153;123;234
pepino;1707405250967;25;56.90000153;123;234
pepino;1707405250985;25;56.90000153;123;234
pepino;1707405251000;25;56.90000153;123;234
pepino;1707405251015;25;56.90000153;123;234
pepino;1707405251032;25;56.90000153;123;234
pepino;1707405251045;25;56.90000153;123;234
pepino;1707405251061;25;56.90000153;123;234
pepino;1707405251082;25;56.90000153;123;234
pepino;1707405251095;25;56.90000153;123;234
pepino;1707405251109;25;56.90000153;123;234
pepino;1707405251121;25;56.90000153;123;234
pepino;1707405251136;25;56.90000153;123;234
pepino;1707405251150;25;56.90000153;123;234
pepino;1707405251162;25;56.90000153;123;234
pepino;1707405251175;25;56.90000153;123;234
pepino;1707405251188;25;56.90000153;123;234
pepino;1707405251207;25;56.90000153;123;234
pepino;1707405251234;25;56.90000153;123;234
pepino;1707405251248;25;56.90000153;123;234
pepino;1707405251261;25;56.90000153;123;234
pepino;1707405251277;25;56.90000153;123;234
pepino;1707405251293;25;56.90000153;123;234
pepino;1707405251306;25;56.90000153;123;234
pepino;1707405251318;25;56.90000153;123;234
pepino;1707405251330;25;56.90000153;123;234
pepino;1707405251344;25;56.90000153;123;234
pepino;1707405251357;25;56.90000153;123;234
pepino;1707405251370;25;56.90000153;123;234
pepino;1707405251389;25;56.90000153;123;234
pepino;1707405251402;25;56.90000153;123;234
pepino;1707405251421;25;56.90000153;123;234
pepino;1707405251440;25;56.90000153;123;234
pepino;1707405251455;25;56.90000153;123;234
pepino;1707405251469;25;56.90000153;123;234
pepino;1707405251489;25;56.90000153;123;234
pepino;1707405251503;25;56.90000153;123;234
pepino;1707405251532;25;56.90000153;123;234
pepino;1707405251554;25;56.90000153;123;234
pepino;1707405251567;25;56.90000153;123;234
pepino;1707405251585;25;56.90000153;123;234
pepino;1707405251599;25;56.90000153;123;234
pepino;1707405251614;25;56.90000153;123;234
pepino;1707405251626;25;56.90000153;123;234
pepino;1707405251638;25;56.90000153;123;234
pepino;1707405251657;25;56.90000153;123;234
pepino;1707405251674;25;56.90000153;123;234
pepino;1707405251686;25;56.90000153;123;234
pepino;1707405251699;25;56.90000153;123;234
pepino;1707405251719;25;56.90000153;123;234
pepino;1707405251734;25;56.90000153;123;234
pepino;1707405251760;25;56.90000153;123;234
pepino;1707405251775;25;56.90000153;123;234
pepino;1707405251788;25;56.90000153;123;234
pepino;1707405251802;25;56.90000153;123;234
pepino;1707405251837;25;56.90000153;123;234
pepino;1707405251851;25;56.90000153;123;234
pepino;1707405251870;25;56.90000153;123;234
pepino;1707405251885;25;56.90000153;123;234
pepino;1707405251903;25;56.90000153;123;234
pepino;1707405251916;25;56.90000153;123;234
pepino;1707405251928;25;56.90000153;123;234
pepino;1707405251941;25;56.90000153;123;234
pepino;1707405251966;25;56.90000153;123;234
pepino;1707405251981;25;56.90000153;123;234
pepino;1707405251994;25;56.90000153;123;234
pepino;1707405252010;25;56.90000153;123;234
pepino;1707405252027;25;56.90000153;123;234
pepino;1707405252046;25;56.90000153;123;234
pepino;1707405252059;25;56.90000153;123;234
pepino;1707405252072;25;56.90000153;123;234
pepino;1707405252087;25;56.90000153;123;234
pepino;1707405252103;25;56.90000153;123;234
pepino;1707405252116;25;56.90000153;123;234
pepino;1707405252128;25;56.90000153;123;234
pepino;1707405252141;25;56.90000153;123;234
pepino;1707405252156;25;56.90000153;123;234
pepino;1707405252169;25;56.90000153;123;234
pepino;1707405252186;25;56.90000153;123;234
pepino;1707405252199;25;56.90000153;123;234
pepino;1707405252213;25;56.90000153;123;234
pepino;1707405252231;25;56.90000153;123;234
pepino;1707405252246;25;56.90000153;123;234
pepino;1707405252261;25;56.90000153;123;234
pepino;1707405252277;25;56.90000153;123;234
pepino;1707405252294;25;56.90000153;123;234
pepino;1707405252312;25;56.90000153;123;234
pepino;1707405252329;25;56.90000153;123;234
pepino;1707405252342;25;56.90000153;123;234
pepino;1707405252359;25;56.90000153;123;234
pepino;1707405252375;25;56.90000153;123;234
pepino;1707405252387;25;56.90000153;123;234
pepino;1707405252401;25;56.90000153;123;234
pepino;1707405252416;25;56.90000153;123;234
pepino;1707405252433;25;56.90000153;123;234
pepino;1707405252445;25;56.90000153;123;234
pepino;1707405252464;25;56.90000153;123;234
pepino;1707405252479;25;56.90000153;123;234
pepino;1707405252492;25;56.90000153;123;234
pepino;1707405252507;25;56.90000153;123;234
pepino;1707405252521;25;56.90000153;123;234
pepino;1707405252537;25;56.90000153;123;234
pepino;1707405252550;25;56.90000153;123;234
pepino;1707405252566;25;56.90000153;123;234
pepino;1707405252581;25;56.90000153;123;234
pepino;1707405252595;25;56.90000153;123;234
pepino;1707405252608;25;56.90000153;123;234
pepino;1707405252622;25;56.90000153;123;234
pepino;1707405252650;25;56.90000153;123;234
pepino;1707405252668;25;56.90000153;123;234
pepino;1707405252683;25;56.90000153;123;234
pepino;1707405252695;25;56.90000153;123;234
pepino;1707405252708;25;56.90000153;123;234
pepino;1707405252721;25;56.90000153;123;234
pepino;1707405252733;25;56.90000153;123;234
pepino;1707405252744;25;56.90000153;123;234
pepino;1707405252756;25;56.90000153;123;234
pepino;1707405252772;25;56.90000153;123;234
pepino;1707405252787;25;56.90000153;123;234
pepino;1707405252802;25;56.90000153;123;234
pepino;1707405252815;25;56.90000153;123;234
pepino;1707405252827;25;56.90000153;123;234
pepino;1707405252839;25;56.90000153;123;234
pepino;1707405252851;25;56.90000153;123;234
pepino;1707405252865;25;56.90000153;123;234
pepino;1707405252878;25;56.90000153;123;234
pepino;1707405252890;25;56.90000153;123;234
pepino;1707405252905;25;56.90000153;123;234
pepino;1707405252932;25;56.90000153;123;234
pepino;1707405252944;25;56.90000153;123;234
pepino;1707405252956;25;56.90000153;123;234
pepino;1707405252968;25;56.90000153;123;234
pepino;1707405252982;25;56.90000153;123;234
pepino;1707405252994;25;56.90000153;123;234
pepino;1707405253006;25;56.90000153;123;234
pepino;1707405253018;25;56.90000153;123;234
pepino;1707405253033;25;56.90000153;123;234
pepino;1707405253050;25;56.90000153;123;234
pepino;1707405253062;25;56.90000153;123;234
pepino;1707405253079;25;56.90000153;123;234
pepino;1707405253103;25;56.90000153;123;234
pepino;1707405253126;25;56.90000153;123;234
pepino;1707405253139;25;56.90000153;123;234
pepino;1707405253152;25;56.90000153;123;234
pepino;1707405253167;25;56.90000153;123;234
pepino;1707405253183;25;56.90000153;123;234
pepino;1707405253197;25;56.90000153;123;234
pepino;1707405253209;25;56.90000153;123;234
pepino;1707405253226;25;56.90000153;123;234
pepino;1707405253237;25;56.90000153;123;234
pepino;1707405253253;25;56.90000153;123;234
pepino;1707405253266;25;56.90000153;123;234
pepino;1707405253283;25;56.90000153;123;234
pepino;1707405253295;25;56.90000153;123;234
pepino;1707405253311;25;56.90000153;123;234
pepino;1707405253327;25;56.90000153;123;234
pepino;1707405253339;25;56.90000153;123;234
pepino;1707405253352;25;56.90000153;123;234
pepino;1707405253364;25;56.90000153;123;234
pepino;1707405253376;25;56.90000153;123;234
pepino;1707405253390;25;56.90000153;123;234
pepino;1707405253404;25;56.90000153;123;234
pepino;1707405253416;25;56.90000153;123;234
pepino;1707405253429;25;56.90000153;123;234
pepino;1707405253445;25;56.90000153;123;234
pepino;1707405253458;25;56.90000153;123;234
pepino;1707405253472;25;56.90000153;123;234
pepino;1707405253486;25;56.90000153;123;234
pepino;1707405253500;25;56.90000153;123;234
pepino;1707405253529;25;56.90000153;123;234
pepino;1707405253542;25;56.90000153;123;234
pepino;1707405253557;25;56.90000153;123;234
pepino;1707405253571;25;56.90000153;123;234
pepino;1707405253595;25;56.90000153;123;234
pepino;1707405253609;25;56.90000153;123;234
pepino;1707405253620;25;56.90000153;123;234
pepino;1707405253633;25;56.90000153;123;234
pepino;1707405253645;25;56.90000153;123;234
pepino;1707405253660;25;56.90000153;123;234
pepino;1707405253673;25;56.90000153;123;234
pepino;1707405253691;25;56.90000153;123;234
pepino;1707405253704;25;56.90000153;123;234
pepino;1707405253720;25;56.90000153;123;234
pepino;1707405253732;25;56.90000153;123;234
pepino;1707405253747;25;56.90000153;123;234
pepino;1707405253758;25;56.90000153;123;234
pepino;1707405253772;25;56.90000153;123;234
pepino;1707405253786;25;56.90000153;123;234
pepino;1707405253804;25;56.90000153;123;234
pepino;1707405253816;25;56.90000153;123;234
pepino;1707405253832;25;56.90000153;123;234
pepino;1707405253845;25;56.90000153;123;234
pepino;1707405253859;25;56.90000153;123;234
pepino;1707405253872;25;56.90000153;123;234
pepino;1707405253886;25;56.90000153;123;234
pepino;1707405253900;25;56.90000153;123;234
pepino;1707405253913;25;56.90000153;123;234
pepino;1707405253927;25;56.90000153;123;234
pepino;1707405253942;25;56.90000153;123;234
pepino;1707405253954;25;56.90000153;123;234
pepino;1707405253969;25;56.90000153;123;234
pepino;1707405253981;25;56.90000153;123;234
pepino;1707405253997;25;56.90000153;123;234
pepino;1707405254010;25;56.90000153;123;234
pepino;1707405254022;25;56.90000153;123;234
pepino;1707405254034;25;56.90000153;123;234
pepino;1707405254046;25;56.90000153;123;234
pepino;1707405254058;25;56.90000153;123;234
pepino;1707405254070;25;56.90000153;123;234
pepino;1707405254087;25;56.90000153;123;234
pepino;1707405254103;25;56.90000153;123;234
pepino;1707405254116;25;56.90000153;123;234
pepino;1707405254127;25;56.90000153;123;234
pepino;1707405254139;25;56.90000153;123;234
pepino;1707405254152;25;56.90000153;123;234
pepino;1707405254164;25;56.90000153;123;234
pepino;1707405254177;25;56.90000153;123;234
pepino;1707405254190;25;56.90000153;123;234
pepino;1707405254204;25;56.90000153;123;234
pepino;1707405254216;25;56.90000153;123;234
pepino;1707405254228;25;56.90000153;123;234
pepino;1707405254241;25;56.90000153;123;234
pepino;1707405254255;25;56.90000153;123;234
pepino;1707405254277;25;56.90000153;123;234
pepino;1707405254290;25;56.90000153;123;234
pepino;1707405254309;25;56.90000153;123;234
pepino;1707405254322;25;56.90000153;123;234
pepino;1707405254335;25;56.90000153;123;234
pepino;1707405254347;25;56.90000153;123;234
pepino;1707405254363;25;56.90000153;123;234
pepino;1707405254382;25;56.90000153;123;234
pepino;1707405254417;25;56.90000153;123;234
pepino;1707405254459;25;56.90000153;123;234
pepino;1707405254471;25;56.90000153;123;234
pepino;1707405254486;25;56.90000153;123;234
pepino;1707405254499;25;56.90000153;123;234
pepino;1707405254515;25;56.90000153;123;234
pepino;1707405254530;25;56.90000153;123;234
pepino;1707405254542;25;56.90000153;123;234
pepino;1707405254556;25;56.90000153;123;234
pepino;1707405254570;25;56.90000153;123;234
pepino;1707405254583;25;56.90000153;123;234
pepino;1707405254595;25;56.90000153;123;234
pepino;1707405254607;25;56.90000153;123;234
pepino;1707405254620;25;56.90000153;123;234
pepino;1707405254632;25;56.90000153;123;234
pepino;1707405254644;25;56.90000153;123;234
pepino;1707405254657;25;56.90000153;123;234
pepino;1707405254670;25;56.90000153;123;234
pepino;1707405254687;25;56.90000153;123;234
pepino;1707405254701;25;56.90000153;123;234
pepino;1707405254720;25;56.90000153;123;234
pepino;1707405254737;25;56.90000153;123;234
pepino;1707405254751;25;56.90000153;123;234
pepino;1707405254763;25;56.90000153;123;234
pepino;1707405254775;25;56.90000153;123;234
pepino;1707405254793;25;56.90000153;123;234
pepino;1707405254820;25;56.90000153;123;234
pepino;1707405254833;25;56.90000153;123;234
pepino;1707405254858;25;56.90000153;123;234
pepino;1707405254872;25;56.90000153;123;234
pepino;1707405254887;25;56.90000153;123;234
pepino;1707405254902;25;56.90000153;123;234
pepino;1707405254914;25;56.90000153;123;234
pepino;1707405254951;25;56.90000153;123;234
pepino;1707405254963;25;56.90000153;123;234
pepino;1707405254982;25;56.90000153;123;234
pepino;1707405254998;25;56.90000153;123;234
pepino;1707405255013;25;56.90000153;123;234
pepino;1707405255027;25;56.90000153;123;234
pepino;1707405255039;25;56.90000153;123;234
pepino;1707405255052;25;56.90000153;123;234
pepino;1707405255065;25;56.90000153;123;234
pepino;1707405255078;25;56.90000153;123;234
pepino;1707405255095;25;56.90000153;123;234
pepino;1707405255126;25;56.90000153;123;234
pepino;1707405255155;25;56.90000153;123;234
pepino;1707405255168;25;56.90000153;123;234
pepino;1707405255212;25;56.90000153;123;234
pepino;1707405255238;25;56.90000153;123;234
pepino;1707405255261;25;56.90000153;123;234
pepino;1707405255273;25;56.90000153;123;234
pepino;1707405255286;25;56.90000153;123;234
pepino;1707405255302;25;56.90000153;123;234
pepino;1707405255316;25;56.90000153;123;234
pepino;1707405255329;25;56.90000153;123;234
pepino;1707405255344;25;56.90000153;123;234
pepino;1707405255361;25;56.90000153;123;234
pepino;1707405255374;25;56.90000153;123;234
pepino;1707405255389;25;56.90000153;123;234
pepino;1707405255416;25;56.90000153;123;234
pepino;1707405255434;25;56.90000153;123;234
pepino;1707405255453;25;56.90000153;123;234
pepino;1707405255469;25;56.90000153;123;234
pepino;1707405255490;25;56.90000153;123;234
pepino;1707405255506;25;56.90000153;123;234
pepino;1707405255518;25;56.90000153;123;234
pepino;1707405255530;25;56.90000153;123;234
pepino;1707405255544;25;56.90000153;123;234
pepino;1707405255571;25;56.90000153;123;234
pepino;1707405255589;25;56.90000153;123;234
pepino;1707405255604;25;56.90000153;123;234
pepino;1707405255619;25;56.90000153;123;234
pepino;1707405255632;25;56.90000153;123;234
pepino;1707405255646;25;56.90000153;123;234
pepino;1707405255659;25;56.90000153;123;234
pepino;1707405255674;25;56.90000153;123;234
pepino;1707405255690;25;56.90000153;123;234
pepino;1707405308607;25;56.9;123;234
pepino;1707405308645;25;56.9;123;234
pepino;1707405308676;25;56.9;123;234
pepino;1707405308695;25;56.9;123;234
pepino;1707405308719;25;56.9;123;234
pepino;1707405308743;25;56.9;123;234
pepino;1707405308767;25;56.9;123;234
pepino;1707405308787;25;56.9;123;234
pepino;1707405308807;25;56.9;123;234
pepino;1707405308826;25;56.9;123;234
pepino;1707405308845;25;56.9;123;234
pepino;1707405308889;25;56.9;123;234
pepino;1707405308914;25;56.9;123;234
pepino;1707405308945;25;56.9;123;234
pepino;1707405308968;25;56.9;123;234
pepino;1707405309001;25;56.9;123;234
pepino;1707405309026;25;56.9;123;234
pepino;1707405309046;25;56.9;123;234
pepino;1707405309066;25;56.9;123;234
pepino;1707405309086;25;56.9;123;234
pepino;1707405309107;25;56.9;123;234
pepino;1707405309129;25;56.9;123;234
pepino;1707405309148;25;56.9;123;234
pepino;1707405309165;25;56.9;123;234
pepino;1707405309196;25;56.9;123;234
pepino;1707405309218;25;56.9;123;234
pepino;1707405309237;25;56.9;123;234
pepino;1707405309256;25;56.9;123;234
pepino;1707405309269;25;56.9;123;234
pepino;1707405309288;25;56.9;123;234
pepino;1707405309305;25;56.9;123;234
pepino;1707405309326;25;56.9;123;234
pepino;1707405309344;25;56.9;123;234
pepino;1707405309368;25;56.9;123;234
pepino;1707405309383;25;56.9;123;234
pepino;1707405309403;25;56.9;123;234
pepino;1707405309422;25;56.9;123;234
pepino;1707405309441;25;56.9;123;234
pepino;1707405309463;25;56.9;123;234
pepino;1707405309481;25;56.9;123;234
pepino;1707405309537;25;56.9;123;234
pepino;1707405309558;25;56.9;123;234
pepino;1707405309575;25;56.9;123;234
pepino;1707405309588;25;56.9;123;234
pepino;1707405309611;25;56.9;123;234
pepino;1707405309647;25;56.9;123;234
pepino;1707405309666;25;56.9;123;234
pepino;1707405309681;25;56.9;123;234
pepino;1707405309698;25;56.9;123;234
pepino;1707405309728;25;56.9;123;234
pepino;1707405309757;25;56.9;123;234
pepino;1707405309784;25;56.9;123;234
pepino;1707405309799;25;56.9;123;234
pepino;1707405309815;25;56.9;123;234
pepino;1707405309831;25;56.9;123;234
pepino;1707405309850;25;56.9;123;234
pepino;1707405309865;25;56.9;123;234
pepino;1707405309881;25;56.9;123;234
pepino;1707405309901;25;56.9;123;234
pepino;1707405309926;25;56.9;123;234
pepino;1707405309945;25;56.9;123;234
pepino;1707405309957;25;56.9;123;234
pepino;1707405309981;25;56.9;123;234
pepino;1707405309995;25;56.9;123;234
pepino;1707405310014;25;56.9;123;234
pepino;1707405310033;25;56.9;123;234
pepino;1707405310060;25;56.9;123;234
pepino;1707405310087;25;56.9;123;234
pepino;1707405310104;25;56.9;123;234
pepino;1707405310120;25;56.9;123;234
pepino;1707405310136;25;56.9;123;234
pepino;1707405310158;25;56.9;123;234
pepino;1707405310176;25;56.9;123;234
pepino;1707405310197;25;56.9;123;234
pepino;1707405310226;25;56.9;123;234
pepino;1707405310239;25;56.9;123;234
pepino;1707405310252;25;56.9;123;234
pepino;1707405310272;25;56.9;123;234
pepino;1707405310299;25;56.9;123;234
pepino;1707405310316;25;56.9;123;234
pepino;1707405310334;25;56.9;123;234
pepino;1707405310354;25;56.9;123;234
pepino;1707405310371;25;56.9;123;234
pepino;1707405310386;25;56.9;123;234
pepino;1707405310406;25;56.9;123;234
pepino;1707405310440;25;56.9;123;234
pepino;1707405310457;25;56.9;123;234
pepino;1707405310475;25;56.9;123;234
pepino;1707405310503;25;56.9;123;234
pepino;1707405310516;25;56.9;123;234
pepino;1707405310534;25;56.9;123;234
pepino;1707405310552;25;56.9;123;234
pepino;1707405310569;25;56.9;123;234
pepino;1707405310583;25;56.9;123;234
pepino;1707405310599;25;56.9;123;234
pepino;1707405310613;25;56.9;123;234
pepino;1707405310630;25;56.9;123;234
pepino;1707405310642;25;56.9;123;234
pepino;1707405310655;25;56.9;123;234
pepino;1707405310668;25;56.9;123;234
pepino;1707405310681;25;56.9;123;234
pepino;1707405310694;25;56.9;123;234
pepino;1707405310708;25;56.9;123;234
pepino;1707405310721;25;56.9;123;234
pepino;1707405310736;25;56.9;123;234
pepino;1707405310749;25;56.9;123;234
pepino;1707405310761;25;56.9;123;234
pepino;1707405310774;25;56.9;123;234
pepino;1707405310788;25;56.9;123;234
pepino;1707405310801;25;56.9;123;234
pepino;1707405310813;25;56.9;123;234
pepino;1707405310825;25;56.9;123;234
pepino;1707405310846;25;56.9;123;234
pepino;1707405310859;25;56.9;123;234
pepino;1707405310872;25;56.9;123;234
pepino;1707405310888;25;56.9;123;234
pepino;1707405310902;25;56.9;123;234
pepino;1707405310916;25;56.9;123;234
pepino;1707405310929;25;56.9;123;234
pepino;1707405310941;25;56.9;123;234
pepino;1707405310955;25;56.9;123;234
pepino;1707405310967;25;56.9;123;234
pepino;1707405310979;25;56.9;123;234
pepino;1707405310993;25;56.9;123;234
pepino;1707405311007;25;56.9;123;234
pepino;1707405311019;25;56.9;123;234
pepino;1707405311033;25;56.9;123;234
pepino;1707405311056;25;56.9;123;234
pepino;1707405311069;25;56.9;123;234
pepino;1707405311080;25;56.9;123;234
pepino;1707405311095;25;56.9;123;234
pepino;1707405311109;25;56.9;123;234
pepino;1707405311142;25;56.9;123;234
pepino;1707405311154;25;56.9;123;234
pepino;1707405311166;25;56.9;123;234
pepino;1707405311187;25;56.9;123;234
pepino;1707405311201;25;56.9;123;234
pepino;1707405311214;25;56.9;123;234
pepino;1707405311227;25;56.9;123;234
pepino;1707405311243;25;56.9;123;234
pepino;1707405311256;25;56.9;123;234
pepino;1707405311268;25;56.9;123;234
pepino;1707405311281;25;56.9;123;234
pepino;1707405311294;25;56.9;123;234
pepino;1707405311307;25;56.9;123;234
pepino;1707405311324;25;56.9;123;234
pepino;1707405311341;25;56.9;123;234
pepino;1707405311361;25;56.9;123;234
pepino;1707405311377;25;56.9;123;234
pepino;1707405311402;25;56.9;123;234
pepino;1707405311417;25;56.9;123;234
pepino;1707405311432;25;56.9;123;234
pepino;1707405311451;25;56.9;123;234
pepino;1707405311464;25;56.9;123;234
pepino;1707405311477;25;56.9;123;234
pepino;1707405311490;25;56.9;123;234
pepino;1707405311502;25;56.9;123;234
pepino;1707405311519;25;56.9;123;234
pepino;1707405311534;25;56.9;123;234
pepino;1707405311550;25;56.9;123;234
pepino;1707405311564;25;56.9;123;234
pepino;1707405311576;25;56.9;123;234
pepino;1707405311588;25;56.9;123;234
pepino;1707405311602;25;56.9;123;234
pepino;1707405311614;25;56.9;123;234
pepino;1707405311627;25;56.9;123;234
pepino;1707405311643;25;56.9;123;234
pepino;1707405311658;25;56.9;123;234
pepino;1707405311679;25;56.9;123;234
pepino;1707405311691;25;56.9;123;234
pepino;1707405311704;25;56.9;123;234
pepino;1707405311716;25;56.9;123;234
pepino;1707405311728;25;56.9;123;234
pepino;1707405311742;25;56.9;123;234
pepino;1707405311756;25;56.9;123;234
pepino;1707405311768;25;56.9;123;234
pepino;1707405311781;25;56.9;123;234
pepino;1707405311792;25;56.9;123;234
pepino;1707405311806;25;56.9;123;234
pepino;1707405311821;25;56.9;123;234
pepino;1707405311835;25;56.9;123;234
pepino;1707405311848;25;56.9;123;234
pepino;1707405311861;25;56.9;123;234
pepino;1707405311873;25;56.9;123;234
pepino;1707405311886;25;56.9;123;234
pepino;1707405311897;25;56.9;123;234
pepino;1707405311910;25;56.9;123;234
pepino;1707405311922;25;56.9;123;234
pepino;1707405311938;25;56.9;123;234
pepino;1707405311951;25;56.9;123;234
pepino;1707405311964;25;56.9;123;234
pepino;1707405311976;25;56.9;123;234
pepino;1707405311987;25;56.9;123;234
pepino;1707405311999;25;56.9;123;234
pepino;1707405312011;25;56.9;123;234
pepino;1707405312024;25;56.9;123;234
pepino;1707405312036;25;56.9;123;234
pepino;1707405312050;25;56.9;123;234
pepino;1707405312065;25;56.9;123;234
pepino;1707405312078;25;56.9;123;234
pepino;1707405312092;25;56.9;123;234
pepino;1707405312104;25;56.9;123;234
pepino;1707405312117;25;56.9;123;234
pepino;1707405312132;25;56.9;123;234
pepino;1707405312144;25;56.9;123;234
pepino;1707405312156;25;56.9;123;234
pepino;1707405312169;25;56.9;123;234
pepino;1707405312181;25;56.9;123;234
pepino;1707405312192;25;56.9;123;234
pepino;1707405312205;25;56.9;123;234
pepino;1707405312218;25;56.9;123;234
pepino;1707405312318;25;56.9;123;234
pepino;1707405312331;25;56.9;123;234
pepino;1707405312344;25;56.9;123;234
pepino;1707405312357;25;56.9;123;234
pepino;1707405312372;25;56.9;123;234
pepino;1707405312385;25;56.9;123;234
pepino;1707405312397;25;56.9;123;234
pepino;1707405312410;25;56.9;123;234
pepino;1707405312423;25;56.9;123;234
pepino;1707405312435;25;56.9;123;234
pepino;1707405312448;25;56.9;123;234
pepino;1707405312459;25;56.9;123;234
pepino;1707405312475;25;56.9;123;234
pepino;1707405312487;25;56.9;123;234
pepino;1707405312500;25;56.9;123;234
pepino;1707405312512;25;56.9;123;234
pepino;1707405312525;25;56.9;123;234
pepino;1707405312548;25;56.9;123;234
pepino;1707405312560;25;56.9;123;234
pepino;1707405312578;25;56.9;123;234
pepino;1707405312591;25;56.9;123;234
pepino;1707405312602;25;56.9;123;234
pepino;1707405312615;25;56.9;123;234
pepino;1707405312629;25;56.9;123;234
pepino;1707405312658;25;56.9;123;234
pepino;1707405312671;25;56.9;123;234
pepino;1707405312684;25;56.9;123;234
pepino;1707405312698;25;56.9;123;234
pepino;1707405312710;25;56.9;123;234
pepino;1707405312722;25;56.9;123;234
pepino;1707405312734;25;56.9;123;234
pepino;1707405312747;25;56.9;123;234
pepino;1707405312759;25;56.9;123;234
pepino;1707405312771;25;56.9;123;234
pepino;1707405312783;25;56.9;123;234
pepino;1707405312796;25;56.9;123;234
pepino;1707405312808;25;56.9;123;234
pepino;1707405312820;25;56.9;123;234
pepino;1707405312832;25;56.9;123;234
pepino;1707405312844;25;56.9;123;234
pepino;1707405312856;25;56.9;123;234
pepino;1707405312868;25;56.9;123;234
pepino;1707405312883;25;56.9;123;234
pepino;1707405312895;25;56.9;123;234
pepino;1707405312913;25;56.9;123;234
pepino;1707405312925;25;56.9;123;234
pepino;1707405312938;25;56.9;123;234
pepino;1707405312952;25;56.9;123;234
pepino;1707405312964;25;56.9;123;234
pepino;1707405312976;25;56.9;123;234
pepino;1707405312988;25;56.9;123;234
pepino;1707405313022;25;56.9;123;234
pepino;1707405313036;25;56.9;123;234
pepino;1707405313048;25;56.9;123;234
pepino;1707405313060;25;56.9;123;234
pepino;1707405313079;25;56.9;123;234
pepino;1707405313090;25;56.9;123;234
pepino;1707405313102;25;56.9;123;234
pepino;1707405313114;25;56.9;123;234
pepino;1707405313127;25;56.9;123;234
pepino;1707405313140;25;56.9;123;234
pepino;1707405313151;25;56.9;123;234
pepino;1707405313164;25;56.9;123;234
pepino;1707405313176;25;56.9;123;234
pepino;1707405313193;25;56.9;123;234
pepino;1707405313207;25;56.9;123;234
pepino;1707405313219;25;56.9;123;234
pepino;1707405313231;25;56.9;123;234
pepino;1707405313246;25;56.9;123;234
pepino;1707405313262;25;56.9;123;234
pepino;1707405313276;25;56.9;123;234
pepino;1707405313291;25;56.9;123;234
pepino;1707405313305;25;56.9;123;234
pepino;1707405313317;25;56.9;123;234
pepino;1707405313329;25;56.9;123;234
pepino;1707405313342;25;56.9;123;234
pepino;1707405313354;25;56.9;123;234
pepino;1707405313367;25;56.9;123;234
pepino;1707405313379;25;56.9;123;234
pepino;1707405313394;25;56.9;123;234
pepino;1707405313408;25;56.9;123;234
pepino;1707405313419;25;56.9;123;234
pepino;1707405313432;25;56.9;123;234
pepino;1707405313446;25;56.9;123;234
pepino;1707405313469;25;56.9;123;234
pepino;1707405313482;25;56.9;123;234
pepino;1707405313498;25;56.9;123;234
pepino;1707405313511;25;56.9;123;234
pepino;1707405313536;25;56.9;123;234
pepino;1707405313553;25;56.9;123;234
pepino;1707405313579;25;56.9;123;234
pepino;1707405313600;25;56.9;123;234
pepino;1707405313613;25;56.9;123;234
pepino;1707405313626;25;56.9;123;234
pepino;1707405313639;25;56.9;123;234
pepino;1707405313652;25;56.9;123;234
pepino;1707405313664;25;56.9;123;234
pepino;1707405313677;25;56.9;123;234
pepino;1707405313689;25;56.9;123;234
pepino;1707405313704;25;56.9;123;234
pepino;1707405313726;25;56.9;123;234
pepino;1707405313738;25;56.9;123;234
pepino;1707405313752;25;56.9;123;234
pepino;1707405313764;25;56.9;123;234
pepino;1707405313776;25;56.9;123;234
pepino;1707405313787;25;56.9;123;234
pepino;1707405313801;25;56.9;123;234
pepino;1707405313813;25;56.9;123;234
pepino;1707405313825;25;56.9;123;234
pepino;1707405313837;25;56.9;123;234
pepino;1707405313852;25;56.9;123;234
pepino;1707405313864;25;56.9;123;234
pepino;1707405313877;25;56.9;123;234
pepino;1707405313888;25;56.9;123;234
pepino;1707405313900;25;56.9;123;234
pepino;1707405313912;25;56.9;123;234
pepino;1707405313924;25;56.9;123;234
pepino;1707405313937;25;56.9;123;234
pepino;1707405313949;25;56.9;123;234
pepino;1707405313961;25;56.9;123;234
pepino;1707405313975;25;56.9;123;234
pepino;1707405313989;25;56.9;123;234
pepino;1707405314001;25;56.9;123;234
pepino;1707405314013;25;56.9;123;234
pepino;1707405314026;25;56.9;123;234
pepino;1707405314037;25;56.9;123;234
pepino;1707405314049;25;56.9;123;234
pepino;1707405314063;25;56.9;123;234
pepino;1707405314077;25;56.9;123;234
pepino;1707405314089;25;56.9;123;234
pepino;1707405314102;25;56.9;123;234
pepino;1707405314114;25;56.9;123;234
pepino;1707405314127;25;56.9;123;234
pepino;1707405314139;25;56.9;123;234
pepino;1707405314151;25;56.9;123;234
pepino;1707405314165;25;56.9;123;234
pepino;1707405314182;25;56.9;123;234
pepino;1707405314194;25;56.9;123;234
pepino;1707405314207;25;56.9;123;234
pepino;1707405314218;25;56.9;123;234
pepino;1707405314235;25;56.9;123;234
pepino;1707405314252;25;56.9;123;234
pepino;1707405314267;25;56.9;123;234
pepino;1707405314287;25;56.9;123;234
pepino;1707405314298;25;56.9;123;234
pepino;1707405314316;25;56.9;123;234
pepino;1707405314334;25;56.9;123;234
pepino;1707405314352;25;56.9;123;234
pepino;1707405314369;25;56.9;123;234
pepino;1707405314384;25;56.9;123;234
pepino;1707405314396;25;56.9;123;234
pepino;1707405314408;25;56.9;123;234
pepino;1707405314424;25;56.9;123;234
pepino;1707405314435;25;56.9;123;234
pepino;1707405314447;25;56.9;123;234
pepino;1707405314459;25;56.9;123;234
pepino;1707405314480;25;56.9;123;234
pepino;1707405314496;25;56.9;123;234
pepino;1707405314509;25;56.9;123;234
pepino;1707405314526;25;56.9;123;234
pepino;1707405314562;25;56.9;123;234
pepino;1707405314578;25;56.9;123;234
pepino;1707405314594;25;56.9;123;234
pepino;1707405314606;25;56.9;123;234
pepino;1707405314622;25;56.9;123;234
pepino;1707405314635;25;56.9;123;234
pepino;1707405314648;25;56.9;123;234
pepino;1707405314661;25;56.9;123;234
pepino;1707405314676;25;56.9;123;234
pepino;1707405314687;25;56.9;123;234
pepino;1707405314700;25;56.9;123;234
pepino;1707405314712;25;56.9;123;234
pepino;1707405314728;25;56.9;123;234
pepino;1707405314740;25;56.9;123;234
pepino;1707405314754;25;56.9;123;234
pepino;1707405314768;25;56.9;123;234
pepino;1707405314780;25;56.9;123;234
pepino;1707405314794;25;56.9;123;234
pepino;1707405314807;25;56.9;123;234
pepino;1707405314820;25;56.9;123;234
pepino;1707405314839;25;56.9;123;234
pepino;1707405314866;25;56.9;123;234
pepino;1707405314880;25;56.9;123;234
pepino;1707405314896;25;56.9;123;234
pepino;1707405314911;25;56.9;123;234
pepino;1707405314931;25;56.9;123;234
pepino;1707405314945;25;56.9;123;234
pepino;1707405314960;25;56.9;123;234
pepino;1707405314974;25;56.9;123;234
pepino;1707405314992;25;56.9;123;234
pepino;1707405763501;25;56.9;123;234
pepino;1707405763519;25;56.9;123;234
pepino;1707405763531;25;56.9;123;234
pepino;1707405763545;25;56.9;123;234
pepino;1707405763558;25;56.9;123;234
pepino;1707405763571;25;56.9;123;234
pepino;1707405763582;25;56.9;123;234
pepino;1707405763597;25;56.9;123;234
pepino;1707405763610;25;56.9;123;234
pepino;1707405763623;25;56.9;123;234
pepino;1707405763637;25;56.9;123;234
pepino;1707405763652;25;56.9;123;234
pepino;1707405763664;25;56.9;123;234
pepino;1707405763679;25;56.9;123;234
pepino;1707405763691;25;56.9;123;234
pepino;1707405763704;25;56.9;123;234
pepino;1707405763716;25;56.9;123;234
pepino;1707405763729;25;56.9;123;234
pepino;1707405763743;25;56.9;123;234
pepino;1707405763759;25;56.9;123;234
pepino;1707405763771;25;56.9;123;234
pepino;1707405763782;25;56.9;123;234
pepino;1707405763794;25;56.9;123;234
pepino;1707405763806;25;56.9;123;234
pepino;1707405763820;25;56.9;123;234
pepino;1707405763832;25;56.9;123;234
pepino;1707405763845;25;56.9;123;234
pepino;1707405763857;25;56.9;123;234
pepino;1707405763869;25;56.9;123;234
pepino;1707405763881;25;56.9;123;234
pepino;1707405763893;25;56.9;123;234
pepino;1707405763905;25;56.9;123;234
pepino;1707405763921;25;56.9;123;234
pepino;1707405763932;25;56.9;123;234
pepino;1707405763944;25;56.9;123;234
pepino;1707405763956;25;56.9;123;234
pepino;1707405763968;25;56.9;123;234
pepino;1707405763984;25;56.9;123;234
pepino;1707405763996;25;56.9;123;234
pepino;1707405764008;25;56.9;123;234
pepino;1707405764023;25;56.9;123;234
pepino;1707405764035;25;56.9;123;234
pepino;1707405764046;25;56.9;123;234
pepino;1707405764061;25;56.9;123;234
pepino;1707405764073;25;56.9;123;234
pepino;1707405764086;25;56.9;123;234
pepino;1707405764098;25;56.9;123;234
pepino;1707405764110;25;56.9;123;234
pepino;1707405764124;25;56.9;123;234
pepino;1707405764138;25;56.9;123;234
pepino;1707405764152;25;56.9;123;234
pepino;1707405764164;25;56.9;123;234
pepino;1707405764177;25;56.9;123;234
pepino;1707405764189;25;56.9;123;234
pepino;1707405764202;25;56.9;123;234
pepino;1707405764214;25;56.9;123;234
pepino;1707405764231;25;56.9;123;234
pepino;1707405764245;25;56.9;123;234
pepino;1707405764259;25;56.9;123;234
pepino;1707405764276;25;56.9;123;234
pepino;1707405764289;25;56.9;123;234
pepino;1707405764301;25;56.9;123;234
pepino;1707405764345;25;56.9;123;234
pepino;1707405764362;25;56.9;123;234
pepino;1707405764374;25;56.9;123;234
pepino;1707405764422;25;56.9;123;234
pepino;1707405764435;25;56.9;123;234
pepino;1707405764447;25;56.9;123;234
pepino;1707405764465;25;56.9;123;234
pepino;1707405764477;25;56.9;123;234
pepino;1707405764490;25;56.9;123;234
pepino;1707405764503;25;56.9;123;234
pepino;1707405764516;25;56.9;123;234
pepino;1707405764530;25;56.9;123;234
pepino;1707405764554;25;56.9;123;234
pepino;1707405764595;25;56.9;123;234
pepino;1707405764609;25;56.9;123;234
pepino;1707405764632;25;56.9;123;234
pepino;1707405764652;25;56.9;123;234
pepino;1707405764665;25;56.9;123;234
pepino;1707405764679;25;56.9;123;234
pepino;1707405764694;25;56.9;123;234
pepino;1707405764709;25;56.9;123;234
pepino;1707405764723;25;56.9;123;234
pepino;1707405764736;25;56.9;123;234
pepino;1707405764747;25;56.9;123;234
pepino;1707405764761;25;56.9;123;234
pepino;1707405764774;25;56.9;123;234
pepino;1707405764786;25;56.9;123;234
pepino;1707405764798;25;56.9;123;234
pepino;1707405764810;25;56.9;123;234
pepino;1707405764823;25;56.9;123;234
pepino;1707405764844;25;56.9;123;234
pepino;1707405764858;25;56.9;123;234
pepino;1707405764873;25;56.9;123;234
pepino;1707405764885;25;56.9;123;234
pepino;1707405764898;25;56.9;123;234
pepino;1707405764910;25;56.9;123;234
pepino;1707405764924;25;56.9;123;234
pepino;1707405764948;25;56.9;123;234
pepino;1707405764976;25;56.9;123;234
pepino;1707405764989;25;56.9;123;234
pepino;1707405765003;25;56.9;123;234
pepino;1707405765015;25;56.9;123;234
pepino;1707405765030;25;56.9;123;234
pepino;1707405765062;25;56.9;123;234
pepino;1707405765091;25;56.9;123;234
pepino;1707405765103;25;56.9;123;234
pepino;1707405765115;25;56.9;123;234
pepino;1707405765132;25;56.9;123;234
pepino;1707405765145;25;56.9;123;234
pepino;1707405765159;25;56.9;123;234
pepino;1707405765171;25;56.9;123;234
pepino;1707405765183;25;56.9;123;234
pepino;1707405765205;25;56.9;123;234
pepino;1707405765217;25;56.9;123;234
pepino;1707405765229;25;56.9;123;234
pepino;1707405765251;25;56.9;123;234
pepino;1707405765264;25;56.9;123;234
pepino;1707405765279;25;56.9;123;234
pepino;1707405765294;25;56.9;123;234
pepino;1707405765306;25;56.9;123;234
pepino;1707405765329;25;56.9;123;234
pepino;1707405765351;25;56.9;123;234
pepino;1707405765369;25;56.9;123;234
